<?xml version="1.0" encoding="UTF-8" standalone="yes"?>
<addon id="repository.plex" name="Plex Add-on Repository" version="1.0.0" provider-name="Plex">
    <extension point="xbmc.addon.repository" name="Plex Add-on Repository">
       	<info>https://downloads.plex.tv/plex4kodi/repo/addons.xml</info>
       	<checksum>https://downloads.plex.tv/plex4kodi/repo/addons.xml.md5</checksum>
       	<datadir zip="true">https://downloads.plex.tv/plex4kodi/repo/</datadir>
    </extension>
    <extension point="xbmc.addon.metadata">
        <summary>Plex Add-on Repository</summary>
        <description>Plex add-on repository for bleeding edge development versions</description>
        <disclaimer></disclaimer>
        <platform>all</platform>
    </extension>
</addon>